User_guid,username,password_hash,first_name,middle_name,last_name,email,phone,user_type_id,organization_id,govt_identifier_type,govt_identifier_id,created_date,is_active
4a1cf558-1852-42dc-8fc2-034378557566,admin.sharma,HASH_PASSWORD_HERE,Rajesh,Kumar,Sharma,rajesh.sharma@lms.com,+91-9876543210,1,,Aadhar,234567891234,2023-01-15 10:00:00,1
8820417b-5367-40ae-8496-36f2d549669b,admin.patel,HASH_PASSWORD_HERE,Priya,Ashok,Patel,priya.patel@lms.com,+91-9876543211,1,,PAN,ABCDE1234F,2023-01-15 10:30:00,1
da635851-ca4c-4eef-ac2a-a0f25d846a8c,admin.reddy,HASH_PASSWORD_HERE,Srinivas,,Reddy,srinivas.reddy@lms.com,+91-9876543212,1,,Aadhar,345678912345,2023-01-15 11:00:00,1
420e3dc1-f0bd-4346-92be-e3b6af5bdb06,operator.kulkarni,HASH_PASSWORD_HERE,Anjali,Suresh,Kulkarni,anjali.kulkarni@infosys.com,+91-9876543220,2,1,Aadhar,456789123456,2023-02-10 09:00:00,1
8232ba17-4174-4a9c-9fdb-186f163ee3f1,operator.deshmukh,HASH_PASSWORD_HERE,Vikram,Mohan,Deshmukh,vikram.deshmukh@tcs.com,+91-9876543221,2,2,PAN,BCDEF2345G,2023-02-15 10:00:00,1
d7259f6e-6207-4f1d-b3f6-dc55f5f86f66,operator.singh,HASH_PASSWORD_HERE,Simran,Kaur,Singh,simran.singh@techmahindra.com,+91-9876543222,2,4,Aadhar,567891234567,2023-03-05 11:00:00,1
6d4a1761-883e-4005-a1cd-fdac269e69fb,operator.nair,HASH_PASSWORD_HERE,Arun,Kumar,Nair,arun.nair@tatamotors.com,+91-9876543223,2,6,PAN,CDEFG3456H,2023-03-10 14:00:00,1
6c9b153e-247b-499d-98ad-bf2e0c4f9321,operator.joshi,HASH_PASSWORD_HERE,Sneha,Prakash,Joshi,sneha.joshi@pmc.gov.in,+91-9876543224,2,10,Aadhar,678912345678,2023-03-20 09:30:00,1
5230acc4-f167-49a0-a651-8557850393ce,rahul.verma,HASH_PASSWORD_HERE,Rahul,Singh,Verma,rahul.verma@infosys.com,+91-9876543230,3,1,Aadhar,789123456789,2023-06-15 08:30:00,1
b7b071ed-78c5-488b-addd-e9107c5118f1,meena.iyer,HASH_PASSWORD_HERE,Meena,Ramesh,Iyer,meena.iyer@infosys.com,+91-9876543231,3,1,PAN,DEFGH4567I,2023-06-20 09:00:00,1
d268e479-ee1f-41d0-a1ce-6c8abbb6f8c2,amit.gupta,HASH_PASSWORD_HERE,Amit,Kumar,Gupta,amit.gupta@infosys.com,+91-9876543232,3,1,Aadhar,891234567891,2023-07-05 10:15:00,1
3441ff3f-c652-48ae-8e59-2b470cb62999,pooja.mehta,HASH_PASSWORD_HERE,Pooja,Rajesh,Mehta,pooja.mehta@infosys.com,+91-9876543233,3,1,Passport,J1234567,2023-07-10 11:30:00,1
d02e99e3-4a21-493e-ac44-707e8b9cc535,karthik.rao,HASH_PASSWORD_HERE,Karthik,Suresh,Rao,karthik.rao@infosys.com,+91-9876543234,3,1,Aadhar,912345678912,2023-08-01 08:00:00,1
68d31cef-6bd2-4e91-8dbc-3b8d49ce5769,divya.menon,HASH_PASSWORD_HERE,Divya,Anand,Menon,divya.menon@infosys.com,+91-9876543235,3,1,PAN,EFGHI5678J,2023-08-15 09:45:00,1
68b8dbc1-92ea-46fc-8c8b-5db8cc0dd26b,rohit.chopra,HASH_PASSWORD_HERE,Rohit,Anil,Chopra,rohit.chopra@infosys.com,+91-9876543236,3,1,Aadhar,123456789123,2023-09-05 10:30:00,1
9ad49cf3-841e-411e-a458-e576474a1159,neha.bansal,HASH_PASSWORD_HERE,Neha,Vijay,Bansal,neha.bansal@infosys.com,+91-9876543237,3,1,PAN,FGHIJ6789K,2023-09-20 14:00:00,1
14336005-46c2-4a6e-9461-4a7294442cbc,sanjay.kumar,HASH_PASSWORD_HERE,Sanjay,Ravi,Kumar,sanjay.kumar@infosys.com,+91-9876543238,3,1,Aadhar,234567891234,2023-10-01 08:30:00,1
67e417d1-ae0a-4972-8fd7-5e599f8e0fc2,kavita.shah,HASH_PASSWORD_HERE,Kavita,Dinesh,Shah,kavita.shah@infosys.com,+91-9876543239,3,1,Passport,K2345678,2023-10-15 11:00:00,1
c735503e-61ec-45a5-8081-0e5fb55f32de,arjun.pillai,HASH_PASSWORD_HERE,Arjun,Mohan,Pillai,arjun.pillai@tcs.com,+91-9876543240,3,2,Aadhar,345678912345,2023-06-18 09:00:00,1
e0c2a3e0-4c42-4dbf-b1f6-51d2ba103727,lakshmi.krishnan,HASH_PASSWORD_HERE,Lakshmi,Sundaram,Krishnan,lakshmi.krishnan@tcs.com,+91-9876543241,3,2,PAN,GHIJK7891L,2023-07-02 10:30:00,1
0e86750a-1173-4169-a4ae-317a3db13a21,manish.agarwal,HASH_PASSWORD_HERE,Manish,Rakesh,Agarwal,manish.agarwal@tcs.com,+91-9876543242,3,2,Aadhar,456789123456,2023-07-15 08:45:00,1
1d064f54-6fdc-47ce-a177-979e8884c103,ananya.das,HASH_PASSWORD_HERE,Ananya,Biplab,Das,ananya.das@tcs.com,+91-9876543243,3,2,PAN,HIJKL8912M,2023-08-05 09:30:00,1
a761dc76-9073-4686-b17e-16b8d3f82361,vivek.bhatt,HASH_PASSWORD_HERE,Vivek,Shankar,Bhatt,vivek.bhatt@tcs.com,+91-9876543244,3,2,Aadhar,567891234567,2023-08-20 11:00:00,1
82b846fb-b873-4dcc-b780-e6d24c81d4b9,swati.mishra,HASH_PASSWORD_HERE,Swati,Raman,Mishra,swati.mishra@tcs.com,+91-9876543245,3,2,Passport,L3456789,2023-09-10 10:00:00,1
5d8a385b-0c5f-49da-a739-22fd690c03aa,aditya.saxena,HASH_PASSWORD_HERE,Aditya,Mahesh,Saxena,aditya.saxena@tcs.com,+91-9876543246,3,2,PAN,IJKLM9123N,2023-09-25 14:30:00,1
f7fad7d1-1647-4a33-8def-502bb4fa0294,ritu.bhardwaj,HASH_PASSWORD_HERE,Ritu,Naresh,Bhardwaj,ritu.bhardwaj@tcs.com,+91-9876543247,3,2,Aadhar,678912345678,2023-10-05 08:00:00,1
60da83fe-c70e-4339-bf96-093db1f7d32a,deepak.jain,HASH_PASSWORD_HERE,Deepak,Sunil,Jain,deepak.jain@tcs.com,+91-9876543248,3,2,PAN,JKLMN1234O,2023-10-20 09:15:00,1
c4751a76-4f72-4b03-8af4-70b9cc52f07e,rekha.pandey,HASH_PASSWORD_HERE,Rekha,Ashok,Pandey,rekha.pandey@tcs.com,+91-9876543249,3,2,Aadhar,789123456789,2023-11-01 10:30:00,1
9e6433bb-0e1c-48d7-b851-8a5496f3fe5b,gaurav.malhotra,HASH_PASSWORD_HERE,Gaurav,Vinod,Malhotra,gaurav.malhotra@techmahindra.com,+91-9876543250,3,4,Aadhar,891234567891,2023-07-08 09:00:00,1
f669596f-1df4-4f21-ba8e-9a4fc76ff822,pallavi.shetty,HASH_PASSWORD_HERE,Pallavi,Kiran,Shetty,pallavi.shetty@techmahindra.com,+91-9876543251,3,4,PAN,KLMNO2345P,2023-07-22 10:45:00,1
07137fa8-dc71-4e44-86ed-f6c7d8e7f938,nikhil.singh,HASH_PASSWORD_HERE,Nikhil,Rajendra,Singh,nikhil.singh@techmahindra.com,+91-9876543252,3,4,Aadhar,912345678912,2023-08-10 08:30:00,1
935acc0e-990e-4d94-8c0f-2357dfa2916e,tanvi.deshpande,HASH_PASSWORD_HERE,Tanvi,Prakash,Deshpande,tanvi.deshpande@techmahindra.com,+91-9876543253,3,4,Passport,M4567891,2023-08-25 11:00:00,1
b26dca0a-38d4-490d-9616-10ef7fedc117,vishal.thakur,HASH_PASSWORD_HERE,Vishal,Deepak,Thakur,vishal.thakur@techmahindra.com,+91-9876543254,3,4,PAN,LMNOP3456Q,2023-09-15 09:30:00,1
8dd5f841-7f16-4858-af8d-a2bd00f7b685,priyanka.patil,HASH_PASSWORD_HERE,Priyanka,Ganesh,Patil,priyanka.patil@techmahindra.com,+91-9876543255,3,4,Aadhar,123456789123,2023-09-30 10:15:00,1
851bd3a9-6bd2-4ac0-8ea6-d1c01ed2fa0d,sandeep.bose,HASH_PASSWORD_HERE,Sandeep,Amit,Bose,sandeep.bose@techmahindra.com,+91-9876543256,3,4,PAN,MNOPQ4567R,2023-10-10 14:00:00,1
2c04d52b-83ca-40db-bfef-ed4fea0d0ff6,vaishali.rane,HASH_PASSWORD_HERE,Vaishali,Santosh,Rane,vaishali.rane@techmahindra.com,+91-9876543257,3,4,Aadhar,234567891234,2023-10-25 08:45:00,1
f8380a14-6a03-41d8-bc67-88e07274c468,abhishek.pawar,HASH_PASSWORD_HERE,Abhishek,Vikas,Pawar,abhishek.pawar@tatamotors.com,+91-9876543260,3,6,Aadhar,345678912345,2023-06-25 09:00:00,1
fef11cb1-93ee-410c-8720-fb4e539747ba,madhuri.gaikwad,HASH_PASSWORD_HERE,Madhuri,Ramesh,Gaikwad,madhuri.gaikwad@tatamotors.com,+91-9876543261,3,6,PAN,NOPQR5678S,2023-07-12 10:30:00,1
8e7a9047-4b5e-430a-af38-306cd82c7c74,suresh.kale,HASH_PASSWORD_HERE,Suresh,Dnyaneshwar,Kale,suresh.kale@tatamotors.com,+91-9876543262,3,6,Aadhar,456789123456,2023-07-28 11:00:00,1
b8f256d5-6fa9-4e53-be7e-48df07426a3b,shweta.jadhav,HASH_PASSWORD_HERE,Shweta,Anil,Jadhav,shweta.jadhav@tatamotors.com,+91-9876543263,3,6,PAN,OPQRS6789T,2023-08-15 08:30:00,1
ab9ce833-5171-4b65-9e83-aacfd896585a,pramod.shinde,HASH_PASSWORD_HERE,Pramod,Balaji,Shinde,pramod.shinde@tatamotors.com,+91-9876543264,3,6,Aadhar,567891234567,2023-09-05 09:45:00,1
f0c5579c-7ad9-4e79-9531-a4e9ff23792d,sonali.bhosale,HASH_PASSWORD_HERE,Sonali,Sudhir,Bhosale,sonali.bhosale@tatamotors.com,+91-9876543265,3,6,Passport,N5678912,2023-09-20 10:30:00,1
4baf1ab1-8992-42c5-8029-96c34f900d01,yogesh.kamble,HASH_PASSWORD_HERE,Yogesh,Pandurang,Kamble,yogesh.kamble@tatamotors.com,+91-9876543266,3,6,PAN,PQRST7891U,2023-10-08 11:15:00,1
35aa335d-80a1-4d08-a9d3-31356d5bca4a,archana.mohite,HASH_PASSWORD_HERE,Archana,Dilip,Mohite,archana.mohite@tatamotors.com,+91-9876543267,3,6,Aadhar,678912345678,2023-10-22 14:00:00,1
882fb129-e0d6-46e8-ab80-b60c50f71f32,rajendra.patil,HASH_PASSWORD_HERE,Rajendra,Vitthal,Patil,rajendra.patil@pmc.gov.in,+91-9876543270,3,10,Aadhar,789123456789,2023-07-01 09:00:00,1
d8863736-f7b1-4d6c-b49d-6bf0a9cad55d,savita.kulkarni,HASH_PASSWORD_HERE,Savita,Mohan,Kulkarni,savita.kulkarni@pmc.gov.in,+91-9876543271,3,10,PAN,QRSTU8912V,2023-07-18 10:00:00,1
9e019a7b-7d75-4d61-8d00-6403b171e3c8,mahesh.more,HASH_PASSWORD_HERE,Mahesh,Laxman,More,mahesh.more@pmc.gov.in,+91-9876543272,3,10,Aadhar,891234567891,2023-08-02 08:45:00,1
313fdf69-3a5b-4146-86c1-8a2eb7846c23,manisha.desai,HASH_PASSWORD_HERE,Manisha,Pravin,Desai,manisha.desai@pmc.gov.in,+91-9876543273,3,10,PAN,RSTUV9123W,2023-08-20 09:30:00,1
5a6c5723-2126-4dc9-a700-214b9e59d94c,sachin.wagh,HASH_PASSWORD_HERE,Sachin,Dattatray,Wagh,sachin.wagh@pmc.gov.in,+91-9876543274,3,10,Aadhar,912345678912,2023-09-12 10:15:00,1
2e4eebfd-9428-4464-8017-20a6a784fc19,tejal.raut,HASH_PASSWORD_HERE,Tejal,Sanjay,Raut,tejal.raut@pmc.gov.in,+91-9876543275,3,10,Passport,O6789123,2023-09-28 11:00:00,1
0868d0de-2022-489a-94c4-2eeabe709fb6,neeraj.goyal,HASH_PASSWORD_HERE,Neeraj,,Goyal,neeraj.goyal@gmail.com,+91-9876543280,3,,Aadhar,123456789123,2024-01-15 10:00:00,1
49cd5db4-711c-4281-8179-82119befc8c8,isha.kapoor,HASH_PASSWORD_HERE,Isha,Arun,Kapoor,isha.kapoor@yahoo.com,+91-9876543281,3,,PAN,STUVW1234X,2024-02-08 11:30:00,1
6c56da1e-dc5f-4e55-8312-6474a100ffb0,harsh.chauhan,HASH_PASSWORD_HERE,Harsh,Dinesh,Chauhan,harsh.chauhan@outlook.com,+91-9876543282,3,,Aadhar,234567891234,2024-02-22 09:15:00,1
2a84dfab-211e-425f-b69c-cec2ca8b893b,roshni.arora,HASH_PASSWORD_HERE,Roshni,,Arora,roshni.arora@gmail.com,+91-9876543283,3,,Passport,P7891234,2024-03-10 14:45:00,1
33a65dff-70f8-4bea-b4f1-1c91752ad981,kiran.naik,HASH_PASSWORD_HERE,Kiran,Bhaskar,Naik,kiran.naik@rediffmail.com,+91-9876543284,3,,PAN,TUVWX2345Y,2024-03-25 08:30:00,1
fc1a5045-cb27-4713-bed2-e497dafe620d,ritika.saxena,HASH_PASSWORD_HERE,Ritika,Manoj,Saxena,ritika.saxena@gmail.com,+91-9876543285,3,,Aadhar,345678912345,2024-04-12 10:00:00,1
5a21af0e-8dc8-43e1-b531-0df48ba33a20,akash.dubey,HASH_PASSWORD_HERE,Akash,Rajesh,Dubey,akash.dubey@hotmail.com,+91-9876543286,3,,PAN,UVWXY3456Z,2024-04-28 11:45:00,1
74780701-6db4-4028-be0b-f8cdb3a33593,shreya.bhatt,HASH_PASSWORD_HERE,Shreya,,Bhatt,shreya.bhatt@gmail.com,+91-9876543287,3,,Aadhar,456789123456,2024-05-15 09:30:00,1
317ce417-4efc-438f-b19c-f02a6c7e2466,varun.chandra,HASH_PASSWORD_HERE,Varun,Sunil,Chandra,varun.chandra@yahoo.com,+91-9876543288,3,,Passport,Q8912345,2024-06-03 13:00:00,1
d05daf29-d5ca-4f08-8b77-7563f173d8cf,nikita.jain,HASH_PASSWORD_HERE,Nikita,Ashok,Jain,nikita.jain@outlook.com,+91-9876543289,3,,PAN,VWXYZ4567A,2024-06-20 10:15:00,1
cb102ee1-607c-469e-b7c0-ff19ca7855f4,chirag.pandya,HASH_PASSWORD_HERE,Chirag,Hemant,Pandya,chirag.pandya@gmail.com,+91-9876543290,3,,Aadhar,567891234567,2024-07-08 08:45:00,1
c556a3cd-e478-4cc9-aaa0-4bfa92b55be5,tanuja.rao,HASH_PASSWORD_HERE,Tanuja,,Rao,tanuja.rao@rediffmail.com,+91-9876543291,3,,PAN,WXYZA5678B,2024-07-25 14:30:00,1
db2f3c9b-e3a7-42d5-b959-8aabdeed6954,pankaj.tiwari,HASH_PASSWORD_HERE,Pankaj,Santosh,Tiwari,pankaj.tiwari@gmail.com,+91-9876543292,3,,Aadhar,678912345678,2024-08-12 09:00:00,1
594a6e10-db50-48dd-858a-9797614791bd,anjali.sinha,HASH_PASSWORD_HERE,Anjali,Ravi,Sinha,anjali.sinha@yahoo.com,+91-9876543293,3,,Passport,R9123456,2024-09-05 11:00:00,1
21b46c74-6606-4a91-9dd6-76ce34f6cdba,mohit.yadav,HASH_PASSWORD_HERE,Mohit,Kumar,Yadav,mohit.yadav@gmail.com,+91-9876543294,3,,PAN,XYZAB6789C,2024-09-28 10:30:00,1
